AmOneLet,AmAcid,Codon,Number,/1000,Percentage,RSCU,GC3
F,Phe,TTT,66115,25.36,0.2536,1.1388,N
F,Phe,TTC,50001,19.18,0.1918,0.8612,Y
L,Leu,TTA,46520,17.84,0.1784,1.0675,N
L,Leu,TTG,74705,28.66,0.2866,1.7143,Y
S,Ser,TCT,60608,23.25,0.2325,1.5665,N
S,Ser,TCC,40469,15.52,0.1552,1.0460,Y
S,Ser,TCA,47949,18.39,0.1839,1.2393,N
S,Ser,TCG,21939,8.42,0.0842,0.5671,Y
Y,Tyr,TAT,44434,17.04,0.1704,1.0210,N
Y,Tyr,TAC,42609,16.34,0.1634,0.9790,Y
*,Stop,TAA,2094,0.80,0.0080,1.0673,N
*,Stop,TAG,1830,0.70,0.0070,0.9327,Y
C,Cys,TGT,19071,7.32,0.0732,1.2468,N
C,Cys,TGC,11520,4.42,0.0442,0.7532,Y
W,Trp,TGG,27505,10.55,0.1055,1.0000,Y
L,Leu,CTT,44311,17.00,0.1700,1.0168,N
L,Leu,CTC,22397,8.59,0.0859,0.5140,Y
L,Leu,CTA,32928,12.63,0.1263,0.7556,N
L,Leu,CTG,40603,15.58,0.1558,0.9317,Y
P,Pro,CCT,39804,15.27,0.1527,1.2208,N
P,Pro,CCC,21232,8.14,0.0814,0.6516,Y
P,Pro,CCA,44716,17.15,0.1715,1.3703,N
P,Pro,CCG,12033,4.62,0.0462,0.3673,Y
H,His,CAT,33769,12.95,0.1295,1.3026,N
H,His,CAC,21514,8.25,0.0825,0.6974,Y
Q,Gln,CAA,65073,24.96,0.2496,1.1797,N
Q,Gln,CAG,43481,16.68,0.1668,0.8203,Y
R,Arg,CGT,16586,6.36,0.0636,1.4563,N
R,Arg,CGC,6132,2.35,0.0235,0.5377,Y
R,Arg,CGA,13922,5.34,0.0534,1.2226,N
R,Arg,CGG,6119,2.35,0.0235,0.5367,Y
I,Ile,ATT,75831,29.09,0.2909,1.2875,N
I,Ile,ATC,49868,19.13,0.1913,0.8467,Y
I,Ile,ATA,38600,14.81,0.1481,0.6659,N
M,Met,ATG,48105,18.45,0.1845,1.0000,Y
T,Thr,ACT,55757,21.39,0.2139,1.5351,N
T,Thr,ACC,36598,14.04,0.1404,1.0073,Y
T,Thr,ACA,41028,15.74,0.1574,1.1298,N
T,Thr,ACG,18581,7.13,0.0713,0.5110,Y
N,Asn,AAT,73185,28.07,0.2807,1.1227,N
N,Asn,AAC,64673,24.81,0.2481,0.8773,Y
K,Lys,AAA,92059,35.31,0.3531,1.0808,N
K,Lys,AAG,86082,33.02,0.3302,0.9192,Y
S,Ser,AGT,36772,14.11,0.1411,0.9492,N
S,Ser,AGC,24399,9.36,0.0936,0.6297,Y
R,Arg,AGA,53382,20.48,0.2048,1.8079,N
R,Arg,AGG,21210,8.14,0.0814,0.7188,Y
V,Val,GTT,61330,23.53,0.2353,1.4422,N
V,Val,GTC,34473,13.22,0.1322,0.8110,Y
V,Val,GTA,28234,10.83,0.1083,0.6638,N
V,Val,GTG,34114,13.09,0.1309,0.8029,Y
A,Ala,GCT,58557,22.46,0.2246,1.4617,N
A,Ala,GCC,35127,13.47,0.1347,0.8767,Y
A,Ala,GCA,39120,15.01,0.1501,0.9768,N
A,Ala,GCG,11466,4.40,0.0440,0.2864,Y
D,Asp,GAT,94088,36.09,0.3609,1.2573,N
D,Asp,GAC,59741,22.92,0.2292,0.7427,Y
E,Glu,GAA,104322,40.02,0.4002,1.1374,N
E,Glu,GAG,72291,27.73,0.2773,0.8626,Y
G,Gly,GGT,48629,18.65,0.1865,1.1416,N
G,Gly,GGC,21070,8.08,0.0808,0.4949,Y
G,Gly,GGA,48494,18.60,0.1860,1.1384,N
G,Gly,GGG,16367,6.28,0.0628,0.3911,Y
